Tweet id,Tweet permalink,Tweet text,time,impressions,engagements,engagement rate,retweets,replies,likes,user profile clicks,url clicks,hashtag clicks,detail expands,permalink clicks,app opens,app installs,follows,email tweet,dial phone,media views,media engagements,promoted impressions,promoted engagements,promoted engagement rate,promoted retweets,promoted replies,promoted likes,promoted user profile clicks,promoted url clicks,promoted hashtag clicks,promoted detail expands,promoted permalink clicks,promoted app opens,promoted app installs,promoted follows,promoted email tweet,promoted dial phone,promoted media views,promoted media engagements
1.01347E+18,https://twitter.com/AmericanFunds/status/1013474877288992768,Trade wars? The fate of globalization? Why global equity exposure remains important in today’s markets. https://t.co/6rI8SP2XMY https://t.co/ooGnw6x14u,2018-07-01 17:30 +0000,5860,70,0.011945392,5,0,11,4,14,0,9,0,0,0,0,0,0,27,27,-,-,-,-,-,-,-,-,-,-,-,-,-,-,-,-,-,-
1.01311E+18,https://twitter.com/AmericanFunds/status/1013113707214311424,Trying to time the market is futile. It’s time IN the market that matters. See why: https://t.co/dT6CCNe76q https://t.co/p1MaTecRpE,2018-06-30 17:35 +0000,6521,146,0.022389204,9,2,16,7,23,0,15,0,0,0,0,0,0,74,74,-,-,-,-,-,-,-,-,-,-,-,-,-,-,-,-,-,-
1.01273E+18,https://twitter.com/AmericanFunds/status/1012734941514174464,Are dangerous icebergs lurking below the surface of today’s stock market? Listen as our veteran investor explains: https://t.co/2vAA53dUmu,2018-06-29 16:30 +0000,5104,86,0.01684953,0,0,6,5,69,0,6,0,0,0,0,0,0,0,0,-,-,-,-,-,-,-,-,-,-,-,-,-,-,-,-,-,-
1.01249E+18,https://twitter.com/AmericanFunds/status/1012492090704474112,What can a #529 plan be used for? More than you may think. https://t.co/VcznbtVG2o,2018-06-29 00:25 +0000,8394,159,0.018942102,5,0,14,7,118,0,15,0,0,0,0,0,0,0,0,-,-,-,-,-,-,-,-,-,-,-,-,-,-,-,-,-,-
1.01243E+18,https://twitter.com/AmericanFunds/status/1012426661177036800,Equities are a big part of retirement plan menus. But do participants know what they're picking? https://t.co/yTvxQ9duTo,2018-06-28 20:05 +0000,6262,76,0.012136698,6,0,7,4,40,0,19,0,0,0,0,0,0,0,0,-,-,-,-,-,-,-,-,-,-,-,-,-,-,-,-,-,-
1.01238E+18,https://twitter.com/AmericanFunds/status/1012380116956139521,Explore investment opportunities in Europe and Japan. https://t.co/gkYbztdwnN,2018-06-28 17:00 +0000,6003,61,0.010161586,6,1,11,1,19,0,23,0,0,0,0,0,0,0,0,-,-,-,-,-,-,-,-,-,-,-,-,-,-,-,-,-,-
1.01201E+18,https://twitter.com/AmericanFunds/status/1012010175069282305,Will U.S. consumers continue to spend? Learn more: https://t.co/BNw8K5NOoy,2018-06-27 16:30 +0000,7133,88,0.012337025,0,1,5,3,47,0,32,0,0,0,0,0,0,0,0,-,-,-,-,-,-,-,-,-,-,-,-,-,-,-,-,-,-
1.01177E+18,https://twitter.com/AmericanFunds/status/1011766093239783424,"Will a strong labor market, higher wages and tax cuts spur late-cycle economic growth? Our U.S. economist weighs in: https://t.co/egCuoWa6fK https://t.co/QSGSz9Na4K",2018-06-27 00:20 +0000,11045,175,0.015844273,5,2,18,8,12,0,72,0,0,0,0,0,0,1811,58,-,-,-,-,-,-,-,-,-,-,-,-,-,-,-,-,-,-
1.01165E+18,https://twitter.com/AmericanFunds/status/1011650331632119811,Crisis or correction? That’s the big question confronting investors in emerging markets debt. https://t.co/lOIrQTjHNj https://t.co/hdcjwZFUbB,2018-06-26 16:40 +0000,8105,96,0.01184454,4,1,12,4,19,0,25,0,0,0,0,0,0,31,31,-,-,-,-,-,-,-,-,-,-,-,-,-,-,-,-,-,-
1.01139E+18,https://twitter.com/AmericanFunds/status/1011387311253327872,U.S. companies are spending money faster than they have in seven years. Here’s why Corporate America has finally opened up its wallet. https://t.co/23dumwgwqw,2018-06-25 23:15 +0000,9159,149,0.016268152,6,1,18,8,87,0,29,0,0,0,0,0,0,0,0,-,-,-,-,-,-,-,-,-,-,-,-,-,-,-,-,-,-
1.01138E+18,https://twitter.com/AmericanFunds/status/1011383346323120130,"At Capital Group, we believe that our differences make us better. Read about the value of a diverse workforce. https://t.co/WNy2mKRIHi",2018-06-25 22:59 +0000,9348,15,0.001604621,1,0,3,6,0,0,5,0,0,0,0,0,0,0,0,-,-,-,-,-,-,-,-,-,-,-,-,-,-,-,-,-,-
1.01129E+18,https://twitter.com/AmericanFunds/status/1011289164875104256,What do high expectations mean for consumer spending? See our chart for more: https://t.co/KunVbdcKQx,2018-06-25 16:45 +0000,7254,26,0.003584229,2,1,7,1,12,0,3,0,0,0,0,0,0,0,0,-,-,-,-,-,-,-,-,-,-,-,-,-,-,-,-,-,-
1.01093E+18,https://twitter.com/AmericanFunds/status/1010931810577014785,These 7 key concepts can help investors fight the urge to flee in times of market turmoil. Learn more: https://t.co/ICtuNviSdg,2018-06-24 17:05 +0000,10290,162,0.01574344,5,1,21,5,93,0,37,0,0,0,0,0,0,0,0,-,-,-,-,-,-,-,-,-,-,-,-,-,-,-,-,-,-
1.01058E+18,https://twitter.com/AmericanFunds/status/1010580746908692482,"You know a 529 can help save for college, but what about these additional benefits? https://t.co/0WXEWq1t1Q",2018-06-23 17:50 +0000,10942,155,0.0141656,8,0,14,3,102,0,28,0,0,0,0,0,0,0,0,-,-,-,-,-,-,-,-,-,-,-,-,-,-,-,-,-,-
1.0103E+18,https://twitter.com/AmericanFunds/status/1010302687370506240,"Will a strong labor market, higher wages and tax cuts spur late-cycle economic growth? Our U.S. economist weighs in: https://t.co/69Be3d8kv3 https://t.co/IIVqjTs7kZ",2018-06-22 23:25 +0000,15116,149,0.009857105,5,3,16,6,11,0,40,0,0,0,0,0,0,1929,68,-,-,-,-,-,-,-,-,-,-,-,-,-,-,-,-,-,-
1.01026E+18,https://twitter.com/AmericanFunds/status/1010259634861592582,Index investing can be risky during market declines. See how some funds have the potential to provide a smoother ride by losing less during downturns. https://t.co/4UrVxFGH5R,2018-06-22 20:34 +0000,348,3,0.00862069,1,1,0,0,0,0,0,0,0,0,0,0,0,22,1,220587,2089,0.009470186,0,0,40,74,1,0,1480,7,0,0,0,0,0,123003,487
1.01026E+18,https://twitter.com/AmericanFunds/status/1010259484424527877,Index investing can be risky during market declines. See how some funds have the potential to provide a smoother ride by losing less during downturns. https://t.co/up4QeRnpGO,2018-06-22 20:33 +0000,2181,30,0.013755158,1,4,0,0,0,0,18,0,0,0,0,0,0,152,7,6402420,23313,0.003641279,13,8,175,797,8,0,16794,27,0,0,67,0,0,2759908,5424
1.01025E+18,https://twitter.com/AmericanFunds/status/1010246268956938240,Match the index or beat the index?,2018-06-22 19:40 +0000,486655,94,1.93E-04,0,7,0,43,17,0,27,0,0,0,0,0,0,0,0,6142730,48049,0.007822092,43,12,686,1519,20886,0,24839,16,0,0,48,0,0,0,0
1.01025E+18,https://twitter.com/AmericanFunds/status/1010246223129927682,"For more than 85 years, we've been committed to delivering superior results for investors.",2018-06-22 19:40 +0000,102945,14,1.36E-04,0,0,0,12,1,0,1,0,0,0,0,0,0,0,0,180239,1364,0.00756773,2,1,32,57,395,0,868,7,0,0,2,0,0,0,0
1.01025E+18,https://twitter.com/AmericanFunds/status/1010245419387977728,"For more than 85 years, we've been committed to delivering superior results for investors.",2018-06-22 19:37 +0000,12,1,0.083333333,0,0,0,0,1,0,0,0,0,0,0,0,0,0,0,9747,79,0.008105058,0,0,0,2,20,0,57,0,0,0,0,0,0,0,0
1.01025E+18,https://twitter.com/AmericanFunds/status/1010245355429158919,Match the index or beat the index?,2018-06-22 19:37 +0000,29,2,0.068965517,0,0,1,0,1,0,0,0,0,0,0,0,0,0,0,33944,330,0.009721895,2,0,4,8,105,0,211,0,0,0,0,0,0,0,0
1.01024E+18,https://twitter.com/AmericanFunds/status/1010237227794870275,"Need something double-checked? Alex will triple-check it, twice. Isn't it time you provided her the retirement investment she deserves? https://t.co/fSnjojdycZ",2018-06-22 19:04 +0000,10,0,0,0,0,0,0,0,0,0,0,0,0,0,0,0,0,0,10179,26,0.002554278,0,0,0,0,0,0,19,0,0,0,0,0,0,3611,7
1.01024E+18,https://twitter.com/AmericanFunds/status/1010237091735883777,"Alex goes above and beyond. If you're wondering, ""Can I help her get the retirement investment she deserves,"" the answer is, ""I can."" https://t.co/TPVZJaVosF",2018-06-22 19:04 +0000,10,1,0.1,0,0,0,0,0,0,0,0,0,0,0,0,0,1,1,7702,20,0.002596728,0,0,0,0,0,0,17,0,0,0,0,0,0,2838,3
1.01024E+18,https://twitter.com/AmericanFunds/status/1010236969950044165,Jason is always there when something is out of reach or out of stock. https://t.co/Dlc0VLWnr3,2018-06-22 19:03 +0000,69,2,0.028985507,0,0,0,0,0,0,2,0,0,0,0,0,0,17,0,256475,750,0.002924262,0,0,7,18,0,0,486,0,0,0,1,0,0,105526,238
1.01024E+18,https://twitter.com/AmericanFunds/status/1010236833412861953,"Jason goes above and beyond, always. Isn't it time your 401(k) does, too? Meet Target Date Retirement Series. https://t.co/ub1gQ3erPS",2018-06-22 19:03 +0000,8,0,0,0,0,0,0,0,0,0,0,0,0,0,0,0,0,0,14354,38,0.002647346,0,0,0,3,0,0,23,0,0,0,0,0,0,5844,12
1.01024E+18,https://twitter.com/AmericanFunds/status/1010236641099829251,Marcy is a powerhouse. https://t.co/3UzIefvQNT,2018-06-22 19:02 +0000,165,14,0.084848485,0,1,0,0,0,0,2,0,0,0,0,0,0,79,11,840444,2316,0.002755686,0,0,28,79,0,0,1262,2,0,0,1,0,0,378344,944
1.01024E+18,https://twitter.com/AmericanFunds/status/1010236415064657920,Marcy is your plant's powerhouse. Wondering how to give her the retirement plan she deserves? Meet Target Date Retirement Series. https://t.co/84ptuOvyVb,2018-06-22 19:01 +0000,12,1,0.083333333,0,0,0,0,0,0,0,0,0,0,0,0,0,2,1,10032,24,0.002392344,0,0,1,1,0,0,14,0,0,0,0,0,0,4002,8
1.01023E+18,https://twitter.com/AmericanFunds/status/1010234069148454912,"Need something double-checked? Alex will triple-check it, twice. Isn't it time you provided her the retirement investment she deserves? https://t.co/TdBknsJ8ce",2018-06-22 18:52 +0000,15,0,0,0,0,0,0,0,0,0,0,0,0,0,0,0,1,0,41894,106,0.002530195,0,0,0,4,0,0,79,0,0,0,0,0,0,17189,23
1.01023E+18,https://twitter.com/AmericanFunds/status/1010233919097245696,"Alex goes above and beyond. If you're wondering, ""Can I help her get the retirement investment she deserves,"" the answer is, ""I can."" https://t.co/qDfmPyd8S1",2018-06-22 18:51 +0000,32,0,0,0,0,0,0,0,0,0,0,0,0,0,0,0,2,0,34671,118,0.003403421,0,0,1,3,0,0,84,0,0,0,1,0,0,15427,29
1.01023E+18,https://twitter.com/AmericanFunds/status/1010233770493071361,Jason is always there when something is out of reach or out of stock. https://t.co/RaWnrBonEF,2018-06-22 18:51 +0000,57,1,0.01754386,0,1,0,0,0,0,0,0,0,0,0,0,0,4,0,214836,575,0.00267646,0,0,3,19,0,0,379,2,0,0,2,0,0,100370,170
1.01023E+18,https://twitter.com/AmericanFunds/status/1010233650292588544,"Jason goes above and beyond, always. Isn't it time your 401(k) does, too? Meet Target Date Retirement Series. https://t.co/hoLlvsccEe",2018-06-22 18:50 +0000,119,1,0.008403361,0,0,1,0,0,0,0,0,0,0,0,0,0,1,0,545383,1345,0.002466157,0,2,17,41,0,0,927,0,0,0,0,0,0,255509,358
1.01023E+18,https://twitter.com/AmericanFunds/status/1010233513906507776,Marcy is a powerhouse. https://t.co/u4k1ydJBxO,2018-06-22 18:50 +0000,31,5,0.161290323,0,0,0,0,0,0,1,0,0,0,0,0,0,30,4,80885,217,0.002682821,0,0,3,5,0,0,124,0,0,0,0,0,0,40839,85
1.0102E+18,https://twitter.com/AmericanFunds/status/1010202004860235776,Worried about how inflation will affect stocks? Take a look at how equities have handled inflation since 1946. https://t.co/zxtM7soMhM,2018-06-22 16:45 +0000,14958,169,0.011298302,13,1,24,6,89,0,36,0,0,0,0,0,0,0,0,-,-,-,-,-,-,-,-,-,-,-,-,-,-,-,-,-,-
1.01017E+18,https://twitter.com/AmericanFunds/status/1010168024467496960,Marcy is your plant's powerhouse. Wondering how to give her the retirement plan she deserves? Meet Target Date Retirement Series. https://t.co/sDo1JKorg7,2018-06-22 14:29 +0000,60,2,0.033333333,0,0,0,0,0,0,0,0,0,0,0,0,0,5,2,109365,328,0.002999131,0,0,2,9,0,0,250,0,0,0,1,0,0,48499,66
1.01017E+18,https://twitter.com/AmericanFunds/status/1010167289730224130,Marcy is your plant's powerhouse. Wondering how to give her the retirement plan she deserves? Meet Target Date Retirement Series. https://t.co/o1S6YbEj7d,2018-06-22 14:27 +0000,6,2,0.333333333,0,0,0,0,0,0,0,0,0,0,0,0,0,2,2,-,-,-,-,-,-,-,-,-,-,-,-,-,-,-,-,-,-
1.00996E+18,https://twitter.com/AmericanFunds/status/1009955375800389632,Bond funds focused on limiting losses can preserve capital in most economic environments. See how. https://t.co/YfYOxxjOOP,2018-06-22 00:25 +0000,11614,150,0.012915447,7,0,25,12,68,0,38,0,0,0,0,0,0,0,0,-,-,-,-,-,-,-,-,-,-,-,-,-,-,-,-,-,-
1.00986E+18,https://twitter.com/AmericanFunds/status/1009856317593477120,Marcy is your plant's powerhouse. Wondering how to give her the retirement plan she deserves? Meet Target Date Retirement Series. https://t.co/Knh4e8ZUV2,2018-06-21 17:51 +0000,12,0,0,0,0,0,0,0,0,0,0,0,0,0,0,0,6,0,-,-,-,-,-,-,-,-,-,-,-,-,-,-,-,-,-,-
1.00986E+18,https://twitter.com/AmericanFunds/status/1009855926940192769,Marcy is a powerhouse. https://t.co/lhjbY1Gw2A,2018-06-21 17:49 +0000,5,0,0,0,0,0,0,0,0,0,0,0,0,0,0,0,2,0,-,-,-,-,-,-,-,-,-,-,-,-,-,-,-,-,-,-
1.00986E+18,https://twitter.com/AmericanFunds/status/1009855687650922496,"Jason goes above and beyond, always. Isn't it time your 401(k) does, too? Meet Target Date Retirement Series. https://t.co/rFcLdGG7E9",2018-06-21 17:48 +0000,4,1,0.25,0,0,0,0,0,0,0,0,0,0,0,0,0,2,1,-,-,-,-,-,-,-,-,-,-,-,-,-,-,-,-,-,-
1.00986E+18,https://twitter.com/AmericanFunds/status/1009855308175429633,Jason is always there when something is out of reach or out of stock. https://t.co/X2HR1eleg6,2018-06-21 17:47 +0000,4,0,0,0,0,0,0,0,0,0,0,0,0,0,0,0,1,0,-,-,-,-,-,-,-,-,-,-,-,-,-,-,-,-,-,-
1.00985E+18,https://twitter.com/AmericanFunds/status/1009854470405197824,"Alex goes above and beyond. If you're wondering, ""Can I help her get the retirement investment she deserves,"" the answer is, ""I can."" https://t.co/QbtBnXSyTw",2018-06-21 17:44 +0000,5,0,0,0,0,0,0,0,0,0,0,0,0,0,0,0,1,0,-,-,-,-,-,-,-,-,-,-,-,-,-,-,-,-,-,-
1.00985E+18,https://twitter.com/AmericanFunds/status/1009854016845701128,"Need something double-checked? Alex will triple-check it, twice. Isn't it time you provided her the retirement investment she deserves? https://t.co/yB4bjoaKt1",2018-06-21 17:42 +0000,6,1,0.166666667,0,0,0,0,0,0,0,0,0,0,0,0,0,3,1,-,-,-,-,-,-,-,-,-,-,-,-,-,-,-,-,-,-
1.00984E+18,https://twitter.com/AmericanFunds/status/1009837600490876935,The United States’ economy may have gotten a fresh set of legs this year. See what’s giving the U.S. a boost. https://t.co/tuq7Avwx3V,2018-06-21 16:37 +0000,8959,79,0.008817948,3,0,10,4,45,0,17,0,0,0,0,0,0,0,0,-,-,-,-,-,-,-,-,-,-,-,-,-,-,-,-,-,-
1.0098E+18,https://twitter.com/AmericanFunds/status/1009803779435266051,Marcy is your plant's powerhouse. Wondering how to give her the retirement plan she deserves? Meet Target Date Retirement Series. https://t.co/BP6waz3EtD,2018-06-21 14:22 +0000,6,0,0,0,0,0,0,0,0,0,0,0,0,0,0,0,1,0,-,-,-,-,-,-,-,-,-,-,-,-,-,-,-,-,-,-
1.0098E+18,https://twitter.com/AmericanFunds/status/1009803396407283713,Marcy is a powerhouse. https://t.co/MbjoTanMly,2018-06-21 14:21 +0000,5,0,0,0,0,0,0,0,0,0,0,0,0,0,0,0,1,0,-,-,-,-,-,-,-,-,-,-,-,-,-,-,-,-,-,-
1.0098E+18,https://twitter.com/AmericanFunds/status/1009802305267527681,"Jason goes above and beyond, always. Isn't it time your 401(k) does, too? Meet Target Date Retirement Series. https://t.co/eARaiMi1ZI",2018-06-21 14:16 +0000,5,0,0,0,0,0,0,0,0,0,0,0,0,0,0,0,1,0,-,-,-,-,-,-,-,-,-,-,-,-,-,-,-,-,-,-
1.0098E+18,https://twitter.com/AmericanFunds/status/1009801859140333570,Jason is always there when something is out of reach or out of stock. https://t.co/VSPyZ4ciPX,2018-06-21 14:14 +0000,5,1,0.2,0,0,0,0,0,0,0,0,0,0,0,0,0,4,1,-,-,-,-,-,-,-,-,-,-,-,-,-,-,-,-,-,-
1.0098E+18,https://twitter.com/AmericanFunds/status/1009801493648723969,"Alex goes above and beyond. If you're wondering, ""Can I help her get the retirement investment she deserves,"" the answer is, ""I can."" https://t.co/lzYGL4XGJI",2018-06-21 14:13 +0000,5,0,0,0,0,0,0,0,0,0,0,0,0,0,0,0,1,0,-,-,-,-,-,-,-,-,-,-,-,-,-,-,-,-,-,-
1.0098E+18,https://twitter.com/AmericanFunds/status/1009801094153859073,"Need something double-checked? Alex will triple-check it, twice. Isn't it time you provided her the retirement investment she deserves? https://t.co/ghsYoBQPUe",2018-06-21 14:11 +0000,8,0,0,0,0,0,0,0,0,0,0,0,0,0,0,0,2,0,-,-,-,-,-,-,-,-,-,-,-,-,-,-,-,-,-,-
1.00959E+18,https://twitter.com/AmericanFunds/status/1009588206717693952,Think equity valuations are too high? Low interest rates could sustain the rally even longer. https://t.co/ONF0YgfQyE,2018-06-21 00:06 +0000,11672,140,0.011994517,10,2,20,0,92,0,16,0,0,0,0,0,0,0,0,-,-,-,-,-,-,-,-,-,-,-,-,-,-,-,-,-,-
1.00956E+18,https://twitter.com/AmericanFunds/status/1009558199157100544,Marcy is your plant's powerhouse. Give her the retirement investment she deserves.,2018-06-20 22:06 +0000,48691,9,1.85E-04,0,1,0,5,3,0,0,0,0,0,0,0,0,0,0,27002,186,0.006888379,1,0,2,13,55,0,115,0,0,0,0,0,0,0,0
1.00956E+18,https://twitter.com/AmericanFunds/status/1009557979019071489,"Marcy is a powerhouse. She deserves a great 401(k). With Target Date Retirement Series, we make it easy.",2018-06-20 22:05 +0000,270131,35,1.30E-04,0,2,0,26,2,0,5,0,0,0,0,0,0,0,0,500696,3846,0.007681308,1,4,40,135,1215,0,2450,0,0,0,1,0,0,0,0
1.00956E+18,https://twitter.com/AmericanFunds/status/1009557920361611265,"Jason goes above and beyond, always. Isn't it time you had a 401(k) that does, too?",2018-06-20 22:05 +0000,36044,11,3.05E-04,0,0,0,6,4,0,1,0,0,0,0,0,0,0,0,56588,446,0.00788153,0,0,8,21,137,0,279,0,0,0,1,0,0,0,0
1.00956E+18,https://twitter.com/AmericanFunds/status/1009557881153294336,Jason is always there when something is out of reach or out of stock.,2018-06-20 22:05 +0000,880072,212,2.41E-04,0,19,0,83,21,0,89,0,0,0,0,0,0,0,0,3732755,29987,0.008033477,33,16,495,972,10041,0,18411,6,0,0,13,0,0,0,0
1.00956E+18,https://twitter.com/AmericanFunds/status/1009557815843684352,"Alex goes above and beyond. If you're wondering, ""Can I give her the 401(k) she deserves,"" the answer is, ""I can.""",2018-06-20 22:05 +0000,18578,3,1.61E-04,0,0,0,1,2,0,0,0,0,0,0,0,0,0,0,41656,280,0.006721721,0,0,6,10,83,0,181,0,0,0,0,0,0,0,0
1.00956E+18,https://twitter.com/AmericanFunds/status/1009557779634245632,"Need something double-checked? Alex will triple-check it, twice. Isn't it time you offered the 401(k) she deserves?",2018-06-20 22:05 +0000,16909,7,4.14E-04,0,0,0,1,6,0,0,0,0,0,0,0,0,0,0,14395,88,0.006113234,0,0,0,1,30,0,57,0,0,0,0,0,0,0,0
1.00956E+18,https://twitter.com/AmericanFunds/status/1009555443713236993,Marcy is your plant's powerhouse. Give her the retirement investment she deserves.,2018-06-20 21:55 +0000,162,2,0.012345679,0,0,0,0,2,0,0,0,0,0,0,0,0,0,0,188753,1330,0.007046246,0,0,16,35,436,0,843,0,0,0,0,0,0,0,0
1.00956E+18,https://twitter.com/AmericanFunds/status/1009555403213099014,"Marcy is a powerhouse. She deserves a great 401(k). With Target Date Retirement Series, we make it easy.",2018-06-20 21:55 +0000,174,6,0.034482759,0,0,0,0,4,0,2,0,0,0,0,0,0,0,0,48935,375,0.007663227,0,0,6,14,124,0,231,0,0,0,0,0,0,0,0
1.00956E+18,https://twitter.com/AmericanFunds/status/1009555359210655750,"Jason goes above and beyond, always. Isn't it time you had a 401(k) that does, too?",2018-06-20 21:55 +0000,372,10,0.02688172,0,1,0,0,4,0,5,0,0,0,0,0,0,0,0,213258,1690,0.007924673,3,0,30,53,513,0,1091,0,0,0,0,0,0,0,0
1.00956E+18,https://twitter.com/AmericanFunds/status/1009555310846140416,Jason is always there when something is out of reach or out of stock.,2018-06-20 21:55 +0000,2503,124,0.049540551,1,5,0,1,14,0,103,0,0,0,0,0,0,0,0,3359589,27743,0.008257855,6,4,334,837,9466,0,17077,2,0,0,17,0,0,0,0
1.00956E+18,https://twitter.com/AmericanFunds/status/1009555253665189890,"Alex goes above and beyond. If you're wondering, ""Can I give her the 401(k) she deserves,"" the answer is, ""I can.""",2018-06-20 21:55 +0000,142,3,0.021126761,0,0,0,0,3,0,0,0,0,0,0,0,0,0,0,30280,199,0.006571995,0,0,2,8,57,0,132,0,0,0,0,0,0,0,0
1.00956E+18,https://twitter.com/AmericanFunds/status/1009555201349554178,"Need something double-checked? Alex will triple-check it, twice. Isn't it time you offered the 401(k) she deserves?",2018-06-20 21:54 +0000,642,4,0.00623053,0,0,0,0,4,0,0,0,0,0,0,0,0,0,0,503007,3877,0.007707646,2,0,24,138,1149,0,2562,0,0,0,2,0,0,0,0
1.00948E+18,https://twitter.com/AmericanFunds/status/1009478484933201920,Is the writing on the wall for Facebook? Our political economist weighs in on the potential impacts of regulation. https://t.co/90Lx73fg3C https://t.co/jyLaagDm0Y,2018-06-20 16:50 +0000,10046,76,0.0075652,2,1,7,5,6,0,20,0,0,0,1,0,0,998,34,-,-,-,-,-,-,-,-,-,-,-,-,-,-,-,-,-,-
1.00922E+18,https://twitter.com/AmericanFunds/status/1009216758903857152,"Amid the latest protectionist rhetoric, our professionals explain why global equity exposure remains important in today’s markets and steps you can take. https://t.co/bZeFqqooDh",2018-06-19 23:30 +0000,11130,93,0.008355795,5,0,16,6,53,0,13,0,0,0,0,0,0,0,0,-,-,-,-,-,-,-,-,-,-,-,-,-,-,-,-,-,-
1.00914E+18,https://twitter.com/AmericanFunds/status/1009137738132611072,Crisis or correction? That’s the big question confronting investors in emerging markets debt. https://t.co/9xBJq4Qmxt,2018-06-19 18:16 +0000,10072,45,0.004467832,5,0,9,2,22,0,7,0,0,0,0,0,0,0,0,-,-,-,-,-,-,-,-,-,-,-,-,-,-,-,-,-,-
1.00886E+18,https://twitter.com/AmericanFunds/status/1008863557193293824,"@Fus_ra_dope Hi Courtney, we're sorry you're having trouble logging in to your account.  Please call us at (800) 421-6019, Mon-Fri from 8 a.m. – 7 p.m. ET and we'll do everything we can to help.",2018-06-19 00:06 +0000,1009,1,9.91E-04,0,0,1,0,0,0,0,0,0,0,0,0,0,0,0,-,-,-,-,-,-,-,-,-,-,-,-,-,-,-,-,-,-
1.00885E+18,https://twitter.com/AmericanFunds/status/1008854371507974144,How might stock prices and bond yields be related? See our chart for the 70-year history: https://t.co/Hno4JZ6VWP,2018-06-18 23:30 +0000,11944,156,0.013060951,6,1,11,9,116,0,13,0,0,0,0,0,0,0,0,-,-,-,-,-,-,-,-,-,-,-,-,-,-,-,-,-,-
1.00881E+18,https://twitter.com/AmericanFunds/status/1008811107862106112,Did you know women influence nearly half of the $1.8 trillion shifting between advisors each year? Capital Group’s Mike Van Wyk explains: https://t.co/f0e9IbBuoM https://t.co/joAsUyyoQh,2018-06-18 20:38 +0000,26,3,0.115384615,0,0,0,0,1,0,1,0,0,0,0,0,0,2,1,42705,148,0.003465636,0,0,3,4,5,0,105,1,0,0,0,0,0,16073,30
1.00881E+18,https://twitter.com/AmericanFunds/status/1008810267382353928,Did you know women influence nearly half of the $1.8 trillion shifting between advisors each year? Capital Group’s Mike Van Wyk explains: https://t.co/mkqiKb0Sv6 https://t.co/i5VB3x7Qvk,2018-06-18 20:34 +0000,45,3,0.066666667,0,0,0,0,2,0,1,0,0,0,0,0,0,10,0,12769,70,0.005482027,1,0,2,2,2,0,49,0,0,0,0,0,0,7757,14
1.00881E+18,https://twitter.com/AmericanFunds/status/1008808864148611074,Did you know women influence nearly half of the $1.8 trillion shifting between advisors each year? Capital Group’s Mike Van Wyk explains: https://t.co/knJYmD5a2I https://t.co/0XRp73Rj8A,2018-06-18 20:29 +0000,9,2,0.222222222,0,0,0,0,1,0,1,0,0,0,0,0,0,1,0,182,2,0.010989011,0,0,1,0,0,0,0,0,0,0,0,0,0,121,1
1.00881E+18,https://twitter.com/AmericanFunds/status/1008808150810677249,Did you know women influence nearly half of the $1.8 trillion shifting between advisors each year? Capital Group’s Mike Van Wyk explains: https://t.co/bqB9G99WhN https://t.co/UTFTdKHXfB,2018-06-18 20:26 +0000,9,2,0.222222222,0,0,0,0,1,0,1,0,0,0,0,0,0,2,0,940,3,0.003191489,0,0,0,0,0,0,2,0,0,0,0,0,0,632,1
1.00881E+18,https://twitter.com/AmericanFunds/status/1008805855305887744,Did you know women influence nearly half of the $1.8 trillion shifting between advisors each year? Capital Group’s Mike Van Wyk explains: https://t.co/bqB9G99WhN https://t.co/u74B80UDJv,2018-06-18 20:17 +0000,3,0,0,0,0,0,0,0,0,0,0,0,0,0,0,0,1,0,-,-,-,-,-,-,-,-,-,-,-,-,-,-,-,-,-,-
1.00881E+18,https://twitter.com/AmericanFunds/status/1008805263850311680,Did you know women influence nearly half of the $1.8 trillion shifting between advisors each year? Capital Group’s Mike Van Wyk explains: https://t.co/bqB9G99WhN https://t.co/qCia5HUouZ,2018-06-18 20:14 +0000,7,1,0.142857143,0,0,0,0,1,0,0,0,0,0,0,0,0,4,0,-,-,-,-,-,-,-,-,-,-,-,-,-,-,-,-,-,-
1.0088E+18,https://twitter.com/AmericanFunds/status/1008804708167929857,Did you know women influence nearly half of the $1.8 trillion shifting between advisors each year? Capital Group’s Mike Van Wyk explains: https://t.co/f0e9IbBuoM https://t.co/PzTyXOQQWd,2018-06-18 20:12 +0000,6,1,0.166666667,0,0,0,0,0,0,1,0,0,0,0,0,0,1,0,-,-,-,-,-,-,-,-,-,-,-,-,-,-,-,-,-,-
1.00874E+18,https://twitter.com/AmericanFunds/status/1008744899888336898,Argentina. Turkey. Brazil. Will the contagion in emerging markets debt spread? Perhaps not. https://t.co/LynJyyDxiw,2018-06-18 16:15 +0000,9822,57,0.005803299,2,0,13,2,29,0,11,0,0,0,0,0,0,0,0,-,-,-,-,-,-,-,-,-,-,-,-,-,-,-,-,-,-
1.00837E+18,https://twitter.com/AmericanFunds/status/1008366177377247233,Knowledge is passed down through generations. Happy Father's Day from Capital Group. https://t.co/49OCWCMTtl https://t.co/kA0p1sDJuU,2018-06-17 15:10 +0000,11381,91,0.007995782,4,0,19,8,3,0,22,0,0,0,0,0,0,35,35,-,-,-,-,-,-,-,-,-,-,-,-,-,-,-,-,-,-
1.00809E+18,https://twitter.com/AmericanFunds/status/1008091849834356736,Does your 401(k) plan offer too many choices? https://t.co/ksdSdAYbY4,2018-06-16 21:00 +0000,11481,81,0.007055135,2,0,14,5,53,0,7,0,0,0,0,0,0,0,0,-,-,-,-,-,-,-,-,-,-,-,-,-,-,-,-,-,-
1.00804E+18,https://twitter.com/AmericanFunds/status/1008038998273454080,A key measure shows how the relative attractiveness of fixed income has improved. See our chart: https://t.co/Ffd9TIUhOn,2018-06-16 17:30 +0000,10417,99,0.009503696,5,0,11,1,67,0,15,0,0,0,0,0,0,0,0,-,-,-,-,-,-,-,-,-,-,-,-,-,-,-,-,-,-
1.00777E+18,https://twitter.com/AmericanFunds/status/1007767208389435392,A.I. keeps worming its way into our lives. Are our worst fears warranted? Professor Hod Lipson discusses: https://t.co/7CCyRw0dUx,2018-06-15 23:30 +0000,11110,79,0.007110711,3,1,13,9,39,0,13,0,0,0,1,0,0,0,0,-,-,-,-,-,-,-,-,-,-,-,-,-,-,-,-,-,-
1.00767E+18,https://twitter.com/AmericanFunds/status/1007674095159439361,"If you missed our live webinar on 401(k) prospecting, don't worry — catch the replay for tips on how to build your practice. https://t.co/v0CMHJVqci",2018-06-15 17:20 +0000,9446,46,0.004869786,2,1,5,1,26,0,11,0,0,0,0,0,0,0,0,-,-,-,-,-,-,-,-,-,-,-,-,-,-,-,-,-,-
1.00741E+18,https://twitter.com/AmericanFunds/status/1007412369386098694,"Is a crisis brewing in emerging markets debt, or is this an overdue market correction? Here are 5 reasons to remain constructive. https://t.co/wTpBZcsXMw",2018-06-15 00:00 +0000,11430,101,0.008836395,6,1,16,7,62,0,9,0,0,0,0,0,0,0,0,-,-,-,-,-,-,-,-,-,-,-,-,-,-,-,-,-,-
1.00738E+18,https://twitter.com/AmericanFunds/status/1007378514784292864,"Compare target date series’ glide paths, volatility, risk, returns and expenses. https://t.co/kMqM16JsU9",2018-06-14 21:45 +0000,7257,2,2.76E-04,0,0,0,2,0,0,0,0,0,0,0,0,0,0,0,22152,155,0.006997111,5,0,17,5,55,0,73,0,0,0,0,0,0,0,0
1.00738E+18,https://twitter.com/AmericanFunds/status/1007378433930743810,Create custom client reports on the 4 largest target date series. https://t.co/UXGD1uB2rm,2018-06-14 21:45 +0000,7972,0,0,0,0,0,0,0,0,0,0,0,0,0,0,0,0,0,24857,151,0.006074748,0,0,21,7,51,0,72,0,0,0,0,0,0,0,0
1.00738E+18,https://twitter.com/AmericanFunds/status/1007378351579754496,Compare the top 4 target date providers. https://t.co/OvsNrpj9vi,2018-06-14 21:44 +0000,146482,44,3.00E-04,0,3,0,31,7,0,3,0,0,0,0,0,0,0,0,775221,6359,0.008202822,22,5,199,248,2899,0,2964,10,0,0,12,0,0,0,0
1.0073E+18,https://twitter.com/AmericanFunds/status/1007302899788075009,Are rate hikes the latest bond villain? Not for income seekers. Here’s why: https://t.co/44X3YqexdX,2018-06-14 16:45 +0000,9460,45,0.004756871,4,0,7,1,28,0,5,0,0,0,0,0,0,0,0,-,-,-,-,-,-,-,-,-,-,-,-,-,-,-,-,-,-
1.00703E+18,https://twitter.com/AmericanFunds/status/1007031126261665792,Thanks to @MorningstarInc  and #MICUS speakers for eye-opening experiences and conversations. https://t.co/V9j1I35Oxb,2018-06-13 22:45 +0000,10158,106,0.010435125,1,0,12,3,5,1,15,0,0,0,0,0,0,69,69,-,-,-,-,-,-,-,-,-,-,-,-,-,-,-,-,-,-
1.00695E+18,https://twitter.com/AmericanFunds/status/1006950828572278784,It's been an enriching 3 days at #MICUS. Subscribe to Capital Ideas for more investment insights. https://t.co/XA0akcdwYd,2018-06-13 17:26 +0000,9447,37,0.003916587,4,0,6,3,21,2,1,0,0,0,0,0,0,0,0,-,-,-,-,-,-,-,-,-,-,-,-,-,-,-,-,-,-
1.00666E+18,https://twitter.com/AmericanFunds/status/1006659911021838337,Is flexibility the new diversification when it comes to international equity exposure? #MICUS https://t.co/GhnkWmEKrJ,2018-06-12 22:10 +0000,11038,58,0.005254575,2,0,15,2,29,1,9,0,0,0,0,0,0,0,0,-,-,-,-,-,-,-,-,-,-,-,-,-,-,-,-,-,-
1.00665E+18,https://twitter.com/AmericanFunds/status/1006647249059934210,"Brad Vogt: If you look at the target date fund landscape, many funds that have done the best have held up well in up markets, but have protected wealth a bit better in the down markets. #MICUS",2018-06-12 21:19 +0000,8742,27,0.003088538,0,1,6,10,0,4,6,0,0,0,0,0,0,0,0,-,-,-,-,-,-,-,-,-,-,-,-,-,-,-,-,-,-
1.00665E+18,https://twitter.com/AmericanFunds/status/1006645428417425410,"Brad Vogt: Since ’08, it feels like we’ve had a 10 year straight up market, but there have actually been 4 significant down periods. #MICUS https://t.co/UavmZb4cCv",2018-06-12 21:12 +0000,8414,47,0.005585928,0,1,5,0,1,3,11,1,0,0,0,0,0,25,25,-,-,-,-,-,-,-,-,-,-,-,-,-,-,-,-,-,-
1.0066E+18,https://twitter.com/AmericanFunds/status/1006603312555266054,Our panel discussion with Brad Vogt is about to start! Join us in Room S402 at 1:40 pm CT. #MICUS,2018-06-12 18:25 +0000,7681,18,0.002343445,1,0,7,3,0,4,3,0,0,0,0,0,0,0,0,-,-,-,-,-,-,-,-,-,-,-,-,-,-,-,-,-,-
1.00658E+18,https://twitter.com/AmericanFunds/status/1006580673677799424,Join us as Brad Vogt discusses the future of diversification and maintaining balance in portfolios. #MICUS https://t.co/MLmVWzAflv,2018-06-12 16:55 +0000,8250,37,0.004484848,2,0,13,3,0,3,9,0,0,0,0,0,0,7,7,-,-,-,-,-,-,-,-,-,-,-,-,-,-,-,-,-,-
1.00655E+18,https://twitter.com/AmericanFunds/status/1006546699731570688,Our #MICUS team is in booth 346. Stop by to say hello and read our latest insights. https://t.co/BkOcW2Ujk5,2018-06-12 14:40 +0000,8373,63,0.007524185,3,2,11,2,1,4,9,0,0,0,1,0,0,30,30,-,-,-,-,-,-,-,-,-,-,-,-,-,-,-,-,-,-
1.00631E+18,https://twitter.com/AmericanFunds/status/1006310107578134528,"#MICUS attendees, don't miss Brad Vogt on the future of diversification. Tuesday 6/12, Room S402 at 1:40 pm CT https://t.co/T76AOjbO2k",2018-06-11 23:00 +0000,8828,43,0.004870865,1,0,9,1,22,4,6,0,0,0,0,0,0,0,0,-,-,-,-,-,-,-,-,-,-,-,-,-,-,-,-,-,-
1.00628E+18,https://twitter.com/AmericanFunds/status/1006284941234135050,"#MICUS attendees, drop by booth 346 for your copy of The Long View: Investing through adversity. https://t.co/xLMlQWn8Wf",2018-06-11 21:20 +0000,8566,65,0.007588139,2,1,13,2,39,3,5,0,0,0,0,0,0,0,0,-,-,-,-,-,-,-,-,-,-,-,-,-,-,-,-,-,-
1.00626E+18,https://twitter.com/AmericanFunds/status/1006258196552527872,"In the current market environment, which do you think is the bigger risk to your fixed income portfolios? https://t.co/S2lfXo0XIJ",2018-06-11 19:33 +0000,141878,62,4.37E-04,0,16,0,21,3,0,16,0,0,0,0,0,0,0,0,331371,24571,0.074149518,45,23,198,268,126,0,2747,4,0,0,3,0,0,5,0
1.00626E+18,https://twitter.com/AmericanFunds/status/1006258051005939712,"In the current market environment, which do you think is the bigger risk to your fixed income portfolios? https://t.co/fvw2n0A2ai",2018-06-11 19:33 +0000,35238,41,0.001163517,0,11,0,8,1,0,17,0,0,0,0,0,0,0,0,87573,4760,0.054354653,24,12,63,68,40,0,686,1,0,0,3,0,0,0,0
1.00626E+18,https://twitter.com/AmericanFunds/status/1006257873578536965,"In the current market environment, which do you think is the bigger risk to your fixed income portfolios? https://t.co/yxGyCE5lfi",2018-06-11 19:32 +0000,47943,37,7.72E-04,0,18,0,9,1,0,2,0,0,0,0,0,0,0,0,97095,5103,0.052556774,31,11,42,58,32,0,713,0,0,0,2,0,0,0,0
1.00621E+18,https://twitter.com/AmericanFunds/status/1006213248733986816,"#MICUS attendees, don't miss Tuesday's panel discussion on the future of diversification with speaker Brad Vogt. https://t.co/uRv95wvxm7",2018-06-11 16:35 +0000,8113,50,0.006162948,2,0,14,10,3,4,9,0,0,0,0,0,0,8,8,-,-,-,-,-,-,-,-,-,-,-,-,-,-,-,-,-,-
1.00621E+18,https://twitter.com/AmericanFunds/status/1006207696192729090,"In the current market environment, which do you think is the bigger risk to your fixed income portfolios? https://t.co/VOI5hxesgr",2018-06-11 16:13 +0000,11598,265,0.022848767,4,1,12,13,22,0,91,0,0,0,0,0,0,0,0,-,-,-,-,-,-,-,-,-,-,-,-,-,-,-,-,-,-
1.0059E+18,https://twitter.com/AmericanFunds/status/1005903679235477505,Headed to the Morningstar Investment Conference #MICUS? Tune in to our Capital Ideas podcasts en route! https://t.co/A6gpNb4Pcz,2018-06-10 20:05 +0000,10154,88,0.008666535,2,1,8,9,46,3,19,0,0,0,0,0,0,0,0,-,-,-,-,-,-,-,-,-,-,-,-,-,-,-,-,-,-
1.0055E+18,https://twitter.com/AmericanFunds/status/1005504815009550344,What’s in store for Airbus and Boeing as aircraft orders skyrocket? Click below to find out. https://t.co/zGaKPwICRT,2018-06-09 17:40 +0000,9879,82,0.008300435,3,0,16,5,31,0,26,0,0,0,0,0,0,1,1,-,-,-,-,-,-,-,-,-,-,-,-,-,-,-,-,-,-
1.00523E+18,https://twitter.com/AmericanFunds/status/1005226746789158912,"Chicago, here we come! Starting Monday, we'll be at the Morningstar Investment Conference with insights and updates. #MICUS https://t.co/D5kF4v6JXr",2018-06-08 23:15 +0000,10851,154,0.01419224,7,4,36,11,4,15,52,0,0,0,1,0,0,24,24,-,-,-,-,-,-,-,-,-,-,-,-,-,-,-,-,-,-
1.00521E+18,https://twitter.com/AmericanFunds/status/1005213344087846912,"In the current market environment, which do you think is the bigger risk to your fixed income portfolios? https://t.co/JH2wP8ZfbP",2018-06-08 22:21 +0000,6,1,0.166666667,0,0,0,0,1,0,0,0,0,0,0,0,0,0,0,-,-,-,-,-,-,-,-,-,-,-,-,-,-,-,-,-,-
1.00521E+18,https://twitter.com/AmericanFunds/status/1005212980127191047,"In the current market environment, which do you think is the bigger risk to your fixed income portfolios? https://t.co/PGmAkCm3fG",2018-06-08 22:20 +0000,2,0,0,0,0,0,0,0,0,0,0,0,0,0,0,0,0,0,-,-,-,-,-,-,-,-,-,-,-,-,-,-,-,-,-,-
1.00518E+18,https://twitter.com/AmericanFunds/status/1005178091830820865,"In the current market environment, which do you think is the bigger risk to your fixed income portfolios?",2018-06-08 20:01 +0000,93,0,0,0,0,0,0,0,0,0,0,0,0,0,0,0,0,0,149,2,0.013422819,0,0,0,0,0,0,2,0,0,0,0,0,0,0,0
1.00514E+18,https://twitter.com/AmericanFunds/status/1005135869433565185,Will trade disputes disrupt globalization? Here’s what multinationals have at stake. https://t.co/MGTza9HE0U,2018-06-08 17:14 +0000,9412,70,0.007437314,4,0,13,8,34,0,11,0,0,0,0,0,0,0,0,-,-,-,-,-,-,-,-,-,-,-,-,-,-,-,-,-,-
1.00488E+18,https://twitter.com/AmericanFunds/status/1004883206607462400,10? 25? 50? What percent of a portfolio should be in international stocks? Our investment specialist explains: https://t.co/5DErvROWZo,2018-06-08 00:30 +0000,10717,179,0.016702435,7,0,19,10,121,0,22,0,0,0,0,0,0,0,0,-,-,-,-,-,-,-,-,-,-,-,-,-,-,-,-,-,-
1.00485E+18,https://twitter.com/AmericanFunds/status/1004853313932812288,Need a reason to consider inflation protection? Our chart shows another sign that prices may be on the rise. https://t.co/kAjyQeZWpt,2018-06-07 22:31 +0000,196,0,0,0,0,0,0,0,0,0,0,0,0,0,0,0,0,0,808,4,0.004950495,0,0,0,1,1,0,2,0,0,0,0,0,0,0,0
1.00485E+18,https://twitter.com/AmericanFunds/status/1004853229702778881,10-year Treasury yields: 3 views on 3% https://t.co/ORdOmsqn0R,2018-06-07 22:30 +0000,409,1,0.002444988,0,1,0,0,0,0,0,0,0,0,0,0,0,0,0,9787,96,0.00980893,0,0,1,2,40,0,53,0,0,0,0,0,0,0,0
1.00485E+18,https://twitter.com/AmericanFunds/status/1004853166796664837,"Income, capital preservation, inflation protection, diversification from equities. Are your bonds doing their job? https://t.co/wJJQNrusTB",2018-06-07 22:30 +0000,315,0,0,0,0,0,0,0,0,0,0,0,0,0,0,0,0,0,5912,50,0.008457375,0,0,3,3,16,0,28,0,0,0,0,0,0,0,0
1.00485E+18,https://twitter.com/AmericanFunds/status/1004853074278612992,How will rising #inflation impact markets? Portfolio manager and inflation-watcher Ritchie Tuazon explains. Listen. https://t.co/FheW1jUqvz,2018-06-07 22:30 +0000,250,0,0,0,0,0,0,0,0,0,0,0,0,0,0,0,0,0,1711,13,0.007597896,0,0,0,0,3,0,10,0,0,0,0,0,0,0,0
1.00485E+18,https://twitter.com/AmericanFunds/status/1004852898361233409,What's our take on inflation for the rest of 2018? Listen to find out. https://t.co/KUmbQgXDnv,2018-06-07 22:29 +0000,1,0,0,0,0,0,0,0,0,0,0,0,0,0,0,0,0,0,-,-,-,-,-,-,-,-,-,-,-,-,-,-,-,-,-,-
1.00485E+18,https://twitter.com/AmericanFunds/status/1004852786842959874,Listen to the investment thinking of our portfolio managers and analysts. https://t.co/cGJObekti4,2018-06-07 22:29 +0000,234,0,0,0,0,0,0,0,0,0,0,0,0,0,0,0,0,0,1355,15,0.011070111,0,0,0,0,4,0,11,0,0,0,0,0,0,0,0
1.00485E+18,https://twitter.com/AmericanFunds/status/1004852680186060801,Tune into the latest investment thinking from Capital Group | American Funds portfolio managers and analysts. https://t.co/jp8jIt5pCf,2018-06-07 22:28 +0000,217,0,0,0,0,0,0,0,0,0,0,0,0,0,0,0,0,0,2236,13,0.005813953,0,0,0,0,6,0,7,0,0,0,0,0,0,0,0
1.00485E+18,https://twitter.com/AmericanFunds/status/1004852586229501952,Read up on the latest investment thinking from Capital Group | American Funds portfolio managers and analysts. https://t.co/WQIBBAKmuE,2018-06-07 22:28 +0000,313,0,0,0,0,0,0,0,0,0,0,0,0,0,0,0,0,0,2147,16,0.007452259,0,0,0,1,8,0,7,0,0,0,0,0,0,0,0
1.00485E+18,https://twitter.com/AmericanFunds/status/1004852472802873344,Want help making sense of the week's investment news? https://t.co/LqMYMom807,2018-06-07 22:27 +0000,328,0,0,0,0,0,0,0,0,0,0,0,0,0,0,0,0,0,1428,1,7.00E-04,0,0,0,0,0,0,1,0,0,0,0,0,0,0,0
1.00485E+18,https://twitter.com/AmericanFunds/status/1004850098180952064,Need a reason to consider inflation protection? Our chart shows another sign that prices may be on the rise. https://t.co/8JPsJviH4A,2018-06-07 22:18 +0000,91,0,0,0,0,0,0,0,0,0,0,0,0,0,0,0,0,0,10736,90,0.00838301,0,0,1,3,30,0,56,0,0,0,0,0,0,0,0
1.00485E+18,https://twitter.com/AmericanFunds/status/1004850006619287552,10-year Treasury yields: 3 views on 3% https://t.co/hJvLhQmSf5,2018-06-07 22:18 +0000,718,1,0.001392758,0,0,0,0,1,0,0,0,0,0,0,0,0,0,0,296772,2586,0.00871376,10,1,44,75,1143,0,1302,1,0,0,10,0,0,0,0
1.00485E+18,https://twitter.com/AmericanFunds/status/1004849930580758529,"Income, capital preservation, inflation protection, diversification from equities. Are your bonds doing their job? https://t.co/OVpgZns4JJ",2018-06-07 22:17 +0000,182,0,0,0,0,0,0,0,0,0,0,0,0,0,0,0,0,0,22426,226,0.010077589,0,0,1,13,75,0,131,4,0,0,2,0,0,0,0
1.00485E+18,https://twitter.com/AmericanFunds/status/1004849842395500544,How will rising #inflation impact markets? Portfolio manager and inflation-watcher Ritchie Tuazon explains. Listen. https://t.co/q8dXAK57Qa,2018-06-07 22:17 +0000,57,0,0,0,0,0,0,0,0,0,0,0,0,0,0,0,0,0,1717,8,0.004659289,0,0,0,0,3,1,4,0,0,0,0,0,0,0,0
1.00485E+18,https://twitter.com/AmericanFunds/status/1004849658332663808,What's our take on inflation for the rest of 2018? Listen to find out. https://t.co/0o5Y8qI9Z1,2018-06-07 22:16 +0000,1,0,0,0,0,0,0,0,0,0,0,0,0,0,0,0,0,0,-,-,-,-,-,-,-,-,-,-,-,-,-,-,-,-,-,-
1.00485E+18,https://twitter.com/AmericanFunds/status/1004849580960305155,Listen to the investment thinking of our portfolio managers and analysts. https://t.co/KD1SYlf0zW,2018-06-07 22:16 +0000,93,0,0,0,0,0,0,0,0,0,0,0,0,0,0,0,0,0,1567,11,0.007019783,0,0,0,1,4,0,6,0,0,0,0,0,0,0,0
1.00485E+18,https://twitter.com/AmericanFunds/status/1004849482364866560,Tune into the latest investment thinking from Capital Group | American Funds portfolio managers and analysts. https://t.co/5Kj0lrfyqY,2018-06-07 22:16 +0000,124,0,0,0,0,0,0,0,0,0,0,0,0,0,0,0,0,0,3210,33,0.010280374,0,0,1,2,7,0,23,0,0,0,0,0,0,0,0
1.00485E+18,https://twitter.com/AmericanFunds/status/1004849386491441153,Read up on the latest investment thinking from Capital Group | American Funds portfolio managers and analysts. https://t.co/Bp7LNeqW9v,2018-06-07 22:15 +0000,144,0,0,0,0,0,0,0,0,0,0,0,0,0,0,0,0,0,4262,36,0.008446739,0,0,0,1,6,0,29,0,0,0,0,0,0,0,0
1.00485E+18,https://twitter.com/AmericanFunds/status/1004849245160181760,Want help making sense of the week's investment news? https://t.co/PBueLXo5wP,2018-06-07 22:15 +0000,32,0,0,0,0,0,0,0,0,0,0,0,0,0,0,0,0,0,1406,8,0.0056899,0,0,0,0,2,0,6,0,0,0,0,0,0,0,0
1.00477E+18,https://twitter.com/AmericanFunds/status/1004765432086081536,Commodity prices haven’t risen this quickly in almost a decade. But can it last? https://t.co/hk4AaJr32y,2018-06-07 16:42 +0000,8151,67,0.00821985,3,0,6,7,31,0,20,0,0,0,0,0,0,0,0,-,-,-,-,-,-,-,-,-,-,-,-,-,-,-,-,-,-
1.00451E+18,https://twitter.com/AmericanFunds/status/1004513272698228737,Trade wars? The fate of globalization? Why global equity exposure remains important in today’s markets. https://t.co/PyX1f80Z0t,2018-06-07 00:00 +0000,9498,81,0.008528111,7,0,13,9,40,0,12,0,0,0,0,0,0,0,0,-,-,-,-,-,-,-,-,-,-,-,-,-,-,-,-,-,-
1.00441E+18,https://twitter.com/AmericanFunds/status/1004413864107130880,Bond funds can help to reduce losses from volatility. Read more. https://t.co/EV4P1L9s2j,2018-06-06 17:25 +0000,8200,47,0.005731707,3,0,9,0,25,0,10,0,0,0,0,0,0,0,0,-,-,-,-,-,-,-,-,-,-,-,-,-,-,-,-,-,-
1.00416E+18,https://twitter.com/AmericanFunds/status/1004158429290590208,Trade disputes and rising rates — learn why the medium-term outlook still remains positive. https://t.co/y3Kxv8K1Cr,2018-06-06 00:30 +0000,9561,92,0.009622424,10,0,15,6,47,0,13,1,0,0,0,0,0,0,0,-,-,-,-,-,-,-,-,-,-,-,-,-,-,-,-,-,-
1.00411E+18,https://twitter.com/AmericanFunds/status/1004113182728826881,Succeed in a fee-based world. https://t.co/Tuvqy2mE0x,2018-06-05 21:30 +0000,382816,97,2.53E-04,0,5,0,56,11,0,25,0,0,0,0,0,0,0,0,4233678,38188,0.009020053,69,19,983,1249,16408,0,19409,13,0,0,38,0,0,2,0
1.00411E+18,https://twitter.com/AmericanFunds/status/1004113080983412737,Save clients money on 401(k) recordkeeping fees. https://t.co/hFR5xQUBeO,2018-06-05 21:29 +0000,2050524,207,1.01E-04,1,0,0,204,1,0,1,0,0,0,0,0,0,0,0,1050733,8731,0.008309437,35,14,386,482,3379,0,4418,7,0,0,10,0,0,0,0
1.00411E+18,https://twitter.com/AmericanFunds/status/1004112988545175553,"Lower plan expenses, as a percentage of assets, when balances grow. https://t.co/Q6t7Vgnbig",2018-06-05 21:29 +0000,302017,52,1.72E-04,0,1,0,42,5,0,4,0,0,0,0,0,0,0,0,481112,4011,0.008336936,50,2,408,229,1434,0,1861,4,0,0,23,0,0,0,0
1.00411E+18,https://twitter.com/AmericanFunds/status/1004112869871575041,Turnkey 401(k) recordkeeping solutions with a target date series voted “best in class.” https://t.co/Hrg3XVBU5J,2018-06-05 21:28 +0000,30129,4,1.33E-04,0,0,0,2,2,0,0,0,0,0,0,0,0,0,0,60608,479,0.007903247,1,0,80,34,113,0,246,2,0,0,3,0,0,0,0
1.00411E+18,https://twitter.com/AmericanFunds/status/1004112686681133056,Turnkey 401(k) recordkeeping solutions with over 40 fund families to choose from. https://t.co/9ZRiEmZ2JS,2018-06-05 21:28 +0000,184805,14,7.58E-05,0,1,0,12,1,0,0,0,0,0,0,0,0,0,0,136232,1021,0.007494568,12,1,149,61,320,0,469,3,0,0,6,0,0,0,0
1.00411E+18,https://twitter.com/AmericanFunds/status/1004112597296320512,"Turnkey 401(k) recordkeeping solutions with over 1,000 funds to choose from. https://t.co/0tpPBgU2jk",2018-06-05 21:27 +0000,118882,12,1.01E-04,0,0,0,10,2,0,0,0,0,0,0,0,0,0,0,96212,697,0.007244419,1,0,40,33,239,0,382,0,0,0,2,0,0,0,0
1.00411E+18,https://twitter.com/AmericanFunds/status/1004110442770427907,Succeed in a fee-based world. https://t.co/1WzNwc94qt,2018-06-05 21:19 +0000,17,2,0.117647059,1,0,0,0,1,0,0,0,0,0,0,0,0,0,0,94022,588,0.006253855,2,0,9,15,260,0,299,1,0,0,2,0,0,0,0
1.00411E+18,https://twitter.com/AmericanFunds/status/1004110324952428544,Save clients money on 401(k) recordkeeping fees. https://t.co/pDdScpr0H1,2018-06-05 21:18 +0000,34,2,0.058823529,1,0,0,0,1,0,0,0,0,0,0,0,0,0,0,133683,874,0.006537854,1,0,15,17,336,0,499,4,0,0,2,0,0,0,0
1.00411E+18,https://twitter.com/AmericanFunds/status/1004110173429010434,"Lower plan expenses, as a percentage of assets, when balances grow. https://t.co/2huvMzxhFR",2018-06-05 21:18 +0000,3,1,0.333333333,0,0,0,0,1,0,0,0,0,0,0,0,0,0,0,36990,227,0.006136794,1,0,5,4,89,0,127,1,0,0,0,0,0,0,0
1.00411E+18,https://twitter.com/AmericanFunds/status/1004110084870418432,Turnkey 401(k) recordkeeping solutions with a target date series voted “best in class.”  https://t.co/YQPHhapC2Q,2018-06-05 21:17 +0000,3,1,0.333333333,0,0,0,0,1,0,0,0,0,0,0,0,0,0,0,11117,74,0.006656472,0,0,3,2,18,0,51,0,0,0,0,0,0,0,0
1.00411E+18,https://twitter.com/AmericanFunds/status/1004109999470272512,Turnkey 401(k) recordkeeping solutions with over 40 fund families to choose from. https://t.co/LJbCKKl9XO,2018-06-05 21:17 +0000,9,1,0.111111111,0,0,0,0,1,0,0,0,0,0,0,0,0,0,0,9121,55,0.006030041,0,0,3,3,15,0,33,1,0,0,0,0,0,0,0
1.00411E+18,https://twitter.com/AmericanFunds/status/1004109700881842176,"Turnkey 401(k) recordkeeping solutions with over 1,000 funds to choose from. https://t.co/1QykmcUznB",2018-06-05 21:16 +0000,1,1,1,0,0,0,0,1,0,0,0,0,0,0,0,0,0,0,11014,63,0.005719993,0,0,2,1,23,0,36,1,0,0,0,0,0,0,0
1.00406E+18,https://twitter.com/AmericanFunds/status/1004062832202321921,Is the writing on the wall for Facebook? Our political economist weighs in on the potential impacts of regulation: https://t.co/KdmmwtXOrY https://t.co/8k5hISNyzo,2018-06-05 18:10 +0000,8986,67,0.007456043,3,0,6,5,4,0,6,1,0,0,0,0,0,979,42,-,-,-,-,-,-,-,-,-,-,-,-,-,-,-,-,-,-
1.00379E+18,https://twitter.com/AmericanFunds/status/1003788490507575297,Should investors be worried about the rise in the 10-year Treasury yield? https://t.co/uA5xTl2c74,2018-06-05 00:00 +0000,10482,87,0.008299943,10,0,23,8,34,0,12,0,0,0,0,0,0,0,0,-,-,-,-,-,-,-,-,-,-,-,-,-,-,-,-,-,-
